,pre_kind_of_movies,pre_favorite_movies,pre_favorite_actors,pre_favorite_directors,blue_recommend_,blue_preference,blue_consistent,blue_natural,blue_engaging,blue_persuasive,blue_sociable,blue_boring,cyan_recommend_,cyan_preference,cyan_consistent,cyan_natural,cyan_engaging,cyan_persuasive,cyan_sociable,cyan_boring,yellow_recommend_,yellow_preference,yellow_consistent,yellow_natural,yellow_engaging,yellow_persuasive,yellow_sociable,yellow_boring,green_recommend_,green_preference,green_consistent,green_natural,green_engaging,green_persuasive,green_sociable,green_boring,red_recommend_,red_preference,red_consistent,red_natural,red_engaging,red_persuasive,red_sociable,red_boring,survey_4_kind_of_movies,worker_id,blue_length,cyan_length,yellow_length,green_length,red_length
0,"['Horror movies', 'Action movies', 'Sci-fi movies']","Halloween
Nightmare on Elm Street
Lethal Weapon
Legally Blond
Blair Witch","Owen Wilson
Keanu Reeves
Denzel Washington
Will Smith","John Woo
John Carpenter
James Cameron",Yes,Blue Bot recommended a movie and it fits my personal preferences.,4,3,3,3,4,2,Yes,Cyan Bot recommended a movie and it fits my personal preferences.,4,4,5,3,4,2,Yes,Yellow Bot recommended a movie and it fits my personal preferences.,3,3,4,2,3,2,Yes,Green Bot recommended a movie but it doesn't fit my personal preferences.,3,4,4,2,4,2,Yes,Red Bot recommended a movie and it fits my personal preferences.,4,5,5,3,5,1,"['Horror movies', 'Action', 'Sci-fi movies']",A3RQN5RZD1N2KP,9,8,15,10,9
1,"['Action movies', 'Comedy movies', 'Sci-fi movies']",Harry potter and the deathly hallows part 2,chris hemsworth,George lucas,Yes,Blue Bot recommended a movie and it fits my personal preferences.,2,1,2,1,1,5,Yes,Cyan Bot recommended a movie and it fits my personal preferences.,3,3,2,3,2,3,Yes,Yellow Bot recommended a movie and it fits my personal preferences.,5,5,4,4,4,3,Yes,Green Bot recommended a movie and it fits my personal preferences.,3,4,3,3,4,2,Yes,Red Bot recommended a movie and it fits my personal preferences.,4,3,4,4,3,4,"['Action', 'Comedy movies', 'Sci-fi movies']",A39VDI1CVOMMIN,22,5,6,6,5
2,"['Sci-fi movies', 'Drama movies']","Sunshine
Batman Begins
Inception
Prestige",Christian Bale,Michel Gondry,Yes,Blue Bot recommended a movie and it fits my personal preferences.,4,4,4,3,4,2,Yes,Cyan Bot recommended a movie and it fits my personal preferences.,3,3,3,2,3,3,Yes,Yellow Bot recommended a movie but it doesn't fit my personal preferences.,3,2,2,2,3,3,No,Green Bot didn't recommend a movie.,1,1,1,1,2,4,Yes,Red Bot recommended a movie and it fits my personal preferences.,2,2,2,4,3,2,"['Sci-fi movies', 'Drama movies']",A8C3WNWRBWUXO,8,17,8,9,9
3,"['Action movies', 'Mystery movies', 'Comedy movies', 'Documentary movies', 'Drama movies', 'Sci-fi movies']","The Godfather, Rocky, Star Wars ","Harrison Ford, Denzel Washington, Will Ferrel ",Stanley Krubrick,Yes,Blue Bot recommended a movie and it fits my personal preferences.,4,4,4,5,3,1,Yes,Cyan Bot recommended a movie and it fits my personal preferences.,4,4,5,5,4,2,Yes,Yellow Bot recommended a movie and it fits my personal preferences.,2,2,3,3,2,2,Yes,Green Bot recommended a movie and it fits my personal preferences.,5,4,4,5,5,1,Yes,Red Bot recommended a movie and it fits my personal preferences.,5,5,5,5,5,1,"['Action', 'Comedy movies', 'Documentary movies', 'Drama movies', 'Sci-fi movies']",A15VCKELIEEPJN,13,13,16,12,12
4,"['Action movies', 'Comedy movies', 'Mystery movies', 'Horror movies']",once upon a time in hollywood,johnny depp,phil,Yes,Blue Bot recommended a movie and it fits my personal preferences.,4,4,4,3,4,1,Yes,Cyan Bot recommended a movie and it fits my personal preferences.,5,5,5,5,5,1,Yes,Yellow Bot recommended a movie and it fits my personal preferences.,5,5,3,3,3,1,Yes,Green Bot recommended a movie and it fits my personal preferences.,4,3,5,3,5,1,Yes,Red Bot recommended a movie and it fits my personal preferences.,4,3,5,3,4,2,['Comedy movies'],A1ROEDVMTO9Y3X,4,7,5,5,22
5,"['Action movies', 'Mystery movies', 'Comedy movies', 'Sci-fi movies']","Interstellar, Hackers, Star Wars","Sean Connery, Robert Redford",James Cameron,Yes,Blue Bot recommended a movie and it fits my personal preferences.,3,3,4,3,4,2,Yes,Cyan Bot recommended a movie but it doesn't fit my personal preferences.,4,5,4,3,5,1,Yes,Yellow Bot recommended a movie but it doesn't fit my personal preferences.,4,4,4,2,4,1,Yes,Green Bot recommended a movie but it doesn't fit my personal preferences.,2,4,2,1,4,2,Yes,Red Bot recommended a movie but it doesn't fit my personal preferences.,1,3,4,4,4,1,"['Action', 'Comedy movies', 'Sci-fi movies', 'Mystery movies']",A1K8QNLYYYX21W,8,11,11,10,11
6,['Action movies'],horor movies,ajith,sasikumar,Yes,Blue Bot recommended a movie and it fits my personal preferences.,3,2,4,2,4,2,Yes,Cyan Bot recommended a movie and it fits my personal preferences.,2,3,2,4,2,2,Yes,Yellow Bot recommended a movie and it fits my personal preferences.,2,4,2,4,3,2,Yes,Green Bot recommended a movie but it doesn't fit my personal preferences.,4,2,4,2,3,2,Yes,Red Bot recommended a movie but it doesn't fit my personal preferences.,2,4,1,4,2,3,"['Comedy movies', 'Horror movies', 'Mystery movies', 'Action', 'Documentary movies', 'Drama movies', 'Sci-fi movies']",A2P065E9CYMYJL,23,22,22,22,22
7,"['Comedy movies', 'Mystery movies', 'Drama movies']",Inception,Leonardo Dicaprio,Christopher Nolan,Yes,Blue Bot recommended a movie and it fits my personal preferences.,5,4,5,4,4,1,No,Cyan Bot didn't recommend a movie.,2,2,2,2,4,2,Yes,Yellow Bot recommended a movie and it fits my personal preferences.,4,3,4,5,4,1,Yes,Green Bot recommended a movie and it fits my personal preferences.,2,2,4,3,4,2,Yes,Red Bot recommended a movie and it fits my personal preferences.,3,3,4,4,3,2,"['Action', 'Comedy movies', 'Drama movies']",AQ9Y6WD8O72ZC,13,5,16,10,18
8,"['Mystery movies', 'Horror movies', 'Comedy movies']",Da-vince code,Johny deep,James Cameron,Yes,Blue Bot recommended a movie but it doesn't fit my personal preferences.,2,5,3,2,4,1,Yes,Cyan Bot recommended a movie but it doesn't fit my personal preferences.,2,2,4,3,3,4,No,Yellow Bot recommended a movie but it doesn't fit my personal preferences.,4,2,3,4,2,2,Yes,Green Bot recommended a movie but it doesn't fit my personal preferences.,4,2,2,4,3,4,Yes,Red Bot recommended a movie and it fits my personal preferences.,2,5,4,4,3,4,"['Horror movies', 'Mystery movies', 'Comedy movies']",A3VHNIFFP8Y9H7,15,16,8,4,16
9,"['Action movies', 'Mystery movies', 'Comedy movies']",Mission Impossible 4,Tom Cruise,Christopher Nolan,Yes,Blue Bot recommended a movie and it fits my personal preferences.,5,5,4,5,4,1,Yes,Cyan Bot recommended a movie and it fits my personal preferences.,4,5,5,4,5,1,No,Yellow Bot didn't recommend a movie.,5,5,5,4,5,1,No,Green Bot didn't recommend a movie.,4,5,5,4,5,1,No,Red Bot didn't recommend a movie.,5,5,5,4,5,1,"['Action', 'Mystery movies', 'Drama movies']",A2OR46JV43TOJV,4,11,4,4,5
10,"['Action movies', 'Comedy movies', 'Documentary movies', 'Drama movies']",Princess Bride,John Cusack,Scorsese,Yes,Blue Bot recommended a movie and it fits my personal preferences.,3,3,2,3,3,2,Yes,Cyan Bot recommended a movie and it fits my personal preferences.,1,1,2,3,3,3,Yes,Yellow Bot recommended a movie but it doesn't fit my personal preferences.,1,1,1,1,3,1,Yes,Green Bot recommended a movie but it doesn't fit my personal preferences.,1,1,1,1,3,1,Yes,Red Bot recommended a movie and it fits my personal preferences.,2,2,3,2,3,3,"['Action', 'Horror movies', 'Mystery movies', 'Comedy movies', 'Documentary movies', 'Drama movies', 'Sci-fi movies']",AEF74ZYJTTEIA,7,8,13,14,13
11,"['Comedy movies', 'Drama movies', 'Action movies']",iron man,tony stark,joe russo,Yes,Blue Bot recommended a movie and it fits my personal preferences.,3,4,3,4,3,4,Yes,Cyan Bot recommended a movie and it fits my personal preferences.,4,3,4,3,2,3,Yes,Yellow Bot recommended a movie but it doesn't fit my personal preferences.,2,4,3,2,4,3,Yes,Green Bot recommended a movie and it fits my personal preferences.,2,2,3,4,2,3,Yes,Red Bot recommended a movie and it fits my personal preferences.,3,4,3,4,3,4,"['Comedy movies', 'Action', 'Drama movies']",A3U6IA3JUSFZ2M,22,2,2,9,22
12,"['Horror movies', 'Comedy movies']",Donnie Darko,Ryan Gosling,John Krasinski,Yes,Blue Bot recommended a movie and it fits my personal preferences.,3,3,3,4,4,4,Yes,Cyan Bot recommended a movie and it fits my personal preferences.,5,5,5,5,5,2,Yes,Yellow Bot recommended a movie and it fits my personal preferences.,5,5,5,5,5,5,Yes,Green Bot recommended a movie and it fits my personal preferences.,5,5,5,5,5,5,Yes,Red Bot recommended a movie and it fits my personal preferences.,3,3,3,2,4,4,"['Action', 'Horror movies']",AJD65G9H2QUE9,7,22,22,22,15
13,['Comedy movies'],plus one,jack quaid,jeff chan,No,Blue Bot recommended a movie but it doesn't fit my personal preferences.,4,4,3,4,3,3,No,Cyan Bot didn't recommend a movie.,1,2,2,1,2,1,Yes,Yellow Bot recommended a movie but it doesn't fit my personal preferences.,2,3,2,1,1,1,No,Green Bot didn't recommend a movie.,1,3,1,4,3,2,Yes,Red Bot recommended a movie and it fits my personal preferences.,4,3,3,2,4,3,['Comedy movies'],A1DH31FIHH5Y29,22,22,6,5,22
14,"['Action movies', 'Horror movies', 'Mystery movies', 'Comedy movies', 'Drama movies', 'Sci-fi movies']",A Beautiful Mind,Amy Adams,Clint Eastwood,Yes,Blue Bot recommended a movie but it doesn't fit my personal preferences.,2,2,3,3,4,3,Yes,Cyan Bot recommended a movie but it doesn't fit my personal preferences.,2,3,3,3,4,3,No,Yellow Bot didn't recommend a movie.,1,4,2,1,4,3,Yes,Green Bot recommended a movie but it doesn't fit my personal preferences.,2,3,3,3,4,2,Yes,Red Bot recommended a movie and it fits my personal preferences.,3,4,4,4,4,2,"['Action', 'Horror movies', 'Mystery movies', 'Comedy movies', 'Drama movies', 'Sci-fi movies']",A3KF6O09H04SP7,4,5,3,5,4
15,"['Comedy movies', 'Documentary movies']",last american virgin,terminator,clint eastwood,Yes,Blue Bot recommended a movie and it fits my personal preferences.,4,4,4,3,4,1,Yes,Cyan Bot recommended a movie and it fits my personal preferences.,3,3,3,3,3,1,Yes,Yellow Bot recommended a movie and it fits my personal preferences.,3,3,3,4,3,2,Yes,Green Bot recommended a movie and it fits my personal preferences.,4,4,4,4,4,1,Yes,Red Bot recommended a movie and it fits my personal preferences.,3,3,3,3,4,1,['Comedy movies'],A1ROEDVMTO9Y3X,9,5,5,10,8
16,"['Action movies', 'Mystery movies', 'Comedy movies', 'Documentary movies']",Liar Liar,Jim Carey,Steven Spielberg. ,Yes,Blue Bot recommended a movie and it fits my personal preferences.,1,2,2,2,4,2,Yes,Cyan Bot recommended a movie and it fits my personal preferences.,2,3,3,4,4,3,Yes,Yellow Bot recommended a movie but it doesn't fit my personal preferences.,1,1,1,1,1,1,Yes,Green Bot recommended a movie but it doesn't fit my personal preferences.,1,1,1,1,1,5,Yes,Red Bot recommended a movie but it doesn't fit my personal preferences.,4,4,4,3,4,3,"['Mystery movies', 'Comedy movies', 'Documentary movies']",A2J51BI7XS5ZYU,6,9,3,4,6
17,"['Action movies', 'Horror movies', 'Documentary movies', 'Drama movies', 'Sci-fi movies']",Silent Hill,Kate Mulgrew,Jonathan Frakes,Yes,Blue Bot recommended a movie and it fits my personal preferences.,3,3,3,4,3,3,Yes,Cyan Bot recommended a movie but it doesn't fit my personal preferences.,3,3,3,2,2,2,Yes,Yellow Bot recommended a movie and it fits my personal preferences.,5,5,5,5,5,5,Yes,Green Bot recommended a movie and it fits my personal preferences.,3,4,4,4,4,2,Yes,Red Bot recommended a movie and it fits my personal preferences.,3,2,2,3,2,1,"['Action', 'Horror movies', 'Documentary movies', 'Drama movies', 'Sci-fi movies']",A3TS15DY3N8JHE,9,9,9,6,4
18,"['Comedy movies', 'Documentary movies', 'Action movies', 'Horror movies']",Army of Darkness,Bruce Campbell,Martin Scorsese,Yes,Blue Bot recommended a movie and it fits my personal preferences.,5,5,5,5,5,1,Yes,Cyan Bot recommended a movie and it fits my personal preferences.,4,3,5,3,5,1,Yes,Yellow Bot recommended a movie but it doesn't fit my personal preferences.,2,4,3,5,4,1,Yes,Green Bot recommended a movie and it fits my personal preferences.,4,3,5,4,4,1,Yes,Red Bot recommended a movie and it fits my personal preferences.,4,3,5,4,5,1,"['Horror movies', 'Documentary movies', 'Comedy movies']",A1G187YBG0DVMQ,6,6,7,6,8
19,"['Action movies', 'Comedy movies', 'Documentary movies', 'Drama movies']",CRAWL,WILL SMITH,JOHN SAYLES,Yes,Blue Bot recommended a movie and it fits my personal preferences.,5,5,5,5,5,1,Yes,Cyan Bot recommended a movie and it fits my personal preferences.,3,4,5,5,4,1,Yes,Yellow Bot recommended a movie and it fits my personal preferences.,5,5,5,5,5,1,Yes,Green Bot recommended a movie and it fits my personal preferences.,5,5,5,5,5,1,Yes,Red Bot recommended a movie but it doesn't fit my personal preferences.,5,5,5,5,5,1,"['Action', 'Mystery movies', 'Drama movies', 'Comedy movies']",A2Y87M8V0N1M6P,7,7,8,6,7
20,"['Action movies', 'Horror movies', 'Comedy movies', 'Sci-fi movies', 'Drama movies']",The Devil Wears Prada,Brad Pitt,Woody Allen,Yes,Blue Bot recommended a movie and it fits my personal preferences.,5,5,5,5,5,5,Yes,Cyan Bot recommended a movie but it doesn't fit my personal preferences.,3,3,2,3,3,3,Yes,Yellow Bot recommended a movie and it fits my personal preferences.,4,4,4,5,4,4,Yes,Green Bot recommended a movie and it fits my personal preferences.,3,3,4,3,4,3,Yes,Red Bot recommended a movie and it fits my personal preferences.,5,5,5,5,4,5,"['Comedy movies', 'Drama movies', 'Sci-fi movies']",A1C9ZHH1PV21PG,6,22,13,10,6
21,"['Action movies', 'Comedy movies', 'Documentary movies', 'Drama movies', 'Sci-fi movies']",Avengers,Pierce Brosnan,Quentin Tarintino,Yes,Blue Bot recommended a movie and it fits my personal preferences.,4,5,4,5,5,1,Yes,Cyan Bot recommended a movie and it fits my personal preferences.,2,3,3,2,4,2,No,Yellow Bot didn't recommend a movie.,2,1,1,1,2,5,Yes,Green Bot recommended a movie and it fits my personal preferences.,4,5,4,4,4,1,Yes,Red Bot recommended a movie and it fits my personal preferences.,4,4,5,4,5,1,"['Action', 'Comedy movies', 'Documentary movies', 'Drama movies', 'Sci-fi movies']",A2JDYN6QM8M5UN,13,10,9,5,7
22,['Horror movies'],scream,adam sandler,tim burton,Yes,Blue Bot recommended a movie and it fits my personal preferences.,4,5,4,4,4,1,Yes,Cyan Bot recommended a movie and it fits my personal preferences.,4,5,5,4,5,1,Yes,Yellow Bot recommended a movie and it fits my personal preferences.,2,4,4,4,5,1,Yes,Green Bot recommended a movie but it doesn't fit my personal preferences.,2,5,3,3,3,3,No,Red Bot didn't recommend a movie.,3,5,3,4,4,3,"['Action', 'Horror movies', 'Mystery movies', 'Comedy movies', 'Drama movies', 'Sci-fi movies']",A34CPKFZXBX1PO,7,10,8,7,8
23,"['Action movies', 'Comedy movies', 'Horror movies']",COMEDY MOVIES,ROBERT,MARTIN,Yes,Blue Bot recommended a movie but it doesn't fit my personal preferences.,3,2,5,3,2,3,Yes,Cyan Bot recommended a movie and it fits my personal preferences.,3,4,3,5,3,3,Yes,Yellow Bot didn't recommend a movie.,4,3,3,4,5,5,Yes,Green Bot didn't recommend a movie.,4,5,5,5,4,4,No,Red Bot recommended a movie but it doesn't fit my personal preferences.,5,4,4,3,4,4,"['Horror movies', 'Action', 'Comedy movies']",A2TJBRLYCPMTNH,22,22,22,22,22
24,['Horror movies'],Conjuring,Johnny Depp,Christopher Nolan,No,Blue Bot didn't recommend a movie.,4,3,4,3,4,3,Yes,Cyan Bot recommended a movie and it fits my personal preferences.,4,3,4,3,4,4,Yes,Yellow Bot recommended a movie and it fits my personal preferences.,4,3,4,4,4,2,Yes,Green Bot recommended a movie and it fits my personal preferences.,4,3,4,5,4,3,No,Red Bot didn't recommend a movie.,4,3,4,3,5,2,['Horror movies'],A107RJSS561Y7R,4,13,5,8,6
25,"['Horror movies', 'Comedy movies', 'Action movies']",Child's play,Adam Sandler ,Alejandro Jodorowsky,Yes,Blue Bot recommended a movie and it fits my personal preferences.,5,5,5,4,4,1,Yes,Cyan Bot recommended a movie and it fits my personal preferences.,3,4,2,3,3,2,Yes,Yellow Bot recommended a movie and it fits my personal preferences.,2,3,3,2,2,3,Yes,Green Bot recommended a movie but it doesn't fit my personal preferences.,2,4,3,1,4,2,Yes,Red Bot recommended a movie and it fits my personal preferences.,4,4,5,3,5,1,"['Action', 'Comedy movies', 'Drama movies']",A3KF6O09H04SP7,19,18,22,17,22
26,"['Action movies', 'Horror movies', 'Mystery movies', 'Comedy movies', 'Drama movies', 'Sci-fi movies', 'Documentary movies']","The Wolf of Wall Street, Mean Streets, Wiseguys, Casino. Gangs of New York, Bringing Out The Dead, Taxi Driver.","Denzel Washington, Nicolas Cage,  Robert De Niro, Al Pacino, Tom Hanks, Joe Pesci ",Martin Scorcese ,Yes,Blue Bot recommended a movie but it doesn't fit my personal preferences.,1,1,2,1,2,1,Yes,Cyan Bot recommended a movie and it fits my personal preferences.,5,5,5,4,4,1,Yes,Yellow Bot recommended a movie but it doesn't fit my personal preferences.,2,2,3,1,3,3,Yes,Green Bot recommended a movie and it fits my personal preferences.,3,3,3,2,4,3,Yes,Red Bot recommended a movie and it fits my personal preferences.,3,2,2,1,2,1,"['Action', 'Horror movies', 'Mystery movies', 'Comedy movies', 'Documentary movies', 'Drama movies', 'Sci-fi movies']",A2NA6X1SON3KFH,22,22,22,22,22
27,"['Action movies', 'Comedy movies', 'Sci-fi movies']",Avengers End Game,Hugh Jackman,James Cameron,Yes,Blue Bot recommended a movie and it fits my personal preferences.,5,5,5,5,5,5,Yes,Cyan Bot recommended a movie but it doesn't fit my personal preferences.,5,5,5,5,5,1,Yes,Yellow Bot recommended a movie but it doesn't fit my personal preferences.,5,5,5,5,5,1,Yes,Green Bot recommended a movie and it fits my personal preferences.,5,5,5,5,5,1,Yes,Red Bot recommended a movie but it doesn't fit my personal preferences.,5,5,5,5,5,1,"['Action', 'Comedy movies', 'Documentary movies', 'Mystery movies']",A15VRRHQCLJHC8,3,5,13,3,4
28,"['Action movies', 'Horror movies', 'Comedy movies', 'Documentary movies', 'Sci-fi movies']",Inception,Johnny Depp,Stanley Kubrick,Yes,Blue Bot recommended a movie and it fits my personal preferences.,2,1,3,2,4,1,Yes,Cyan Bot recommended a movie and it fits my personal preferences.,5,4,5,5,4,1,Yes,Yellow Bot recommended a movie and it fits my personal preferences.,4,4,5,3,4,1,Yes,Green Bot recommended a movie and it fits my personal preferences.,5,5,4,4,5,1,Yes,Red Bot recommended a movie and it fits my personal preferences.,4,5,5,4,5,1,"['Action', 'Horror movies', 'Documentary movies', 'Comedy movies', 'Sci-fi movies']",AE2SPP0FXRQA1,9,8,10,6,12
29,['Horror movies'],horror movies,Johnny Depp,Steven Spielberg,Yes,Blue Bot recommended a movie and it fits my personal preferences.,5,5,5,5,5,5,Yes,Cyan Bot recommended a movie but it doesn't fit my personal preferences.,5,5,4,4,5,5,Yes,Yellow Bot recommended a movie but it doesn't fit my personal preferences.,5,5,5,5,5,5,Yes,Green Bot recommended a movie and it fits my personal preferences.,5,5,5,5,5,5,Yes,Red Bot recommended a movie and it fits my personal preferences.,5,5,5,4,5,5,['Sci-fi movies'],A2NUGRVI6IEGN7,3,19,7,6,2
30,"['Drama movies', 'Mystery movies', 'Action movies']",The green mile,Tom Hanks,steven spielberg,Yes,Blue Bot recommended a movie and it fits my personal preferences.,2,1,2,1,3,4,Yes,Cyan Bot recommended a movie but it doesn't fit my personal preferences.,3,3,2,4,4,3,Yes,Yellow Bot recommended a movie but it doesn't fit my personal preferences.,2,1,2,2,1,4,Yes,Green Bot recommended a movie and it fits my personal preferences.,3,4,3,4,5,2,Yes,Red Bot recommended a movie and it fits my personal preferences.,3,4,3,2,5,3,"['Action', 'Mystery movies', 'Drama movies']",A2VO8C41JJIQY9,14,17,18,22,18
31,['Comedy movies'],Scoob,Keaton,James Cameron,No,Blue Bot didn't recommend a movie.,3,4,2,2,4,2,Yes,Cyan Bot recommended a movie but it doesn't fit my personal preferences.,2,4,4,3,4,3,Yes,Yellow Bot recommended a movie and it fits my personal preferences.,4,5,4,4,4,5,Yes,Green Bot recommended a movie but it doesn't fit my personal preferences.,4,5,3,4,5,1,Yes,Red Bot recommended a movie but it doesn't fit my personal preferences.,2,3,2,2,4,4,['Comedy movies'],A1KDT32ADI2J8U,6,22,6,7,5
32,"['Action movies', 'Drama movies', 'Sci-fi movies']",Jupiter Ascending,Paul Ruud,Ron Howard,Yes,Blue Bot recommended a movie but it doesn't fit my personal preferences.,1,2,2,1,2,2,Yes,Cyan Bot recommended a movie and it fits my personal preferences.,4,5,5,4,5,1,Yes,Yellow Bot recommended a movie but it doesn't fit my personal preferences.,4,4,3,2,3,3,No,Green Bot didn't recommend a movie.,2,2,3,1,3,3,Yes,Red Bot recommended a movie and it fits my personal preferences.,4,3,3,4,3,3,"['Action', 'Drama movies', 'Sci-fi movies']",A2N9U74YIPDQ9F,8,11,11,9,11
33,"['Documentary movies', 'Horror movies', 'Action movies']",Action movie, Ewan McGregor,"
Chris O'Falt",Yes,Blue Bot recommended a movie and it fits my personal preferences.,3,3,3,2,3,3,Yes,Cyan Bot recommended a movie and it fits my personal preferences.,3,2,2,3,3,2,Yes,Yellow Bot recommended a movie but it doesn't fit my personal preferences.,2,3,4,2,3,4,Yes,Green Bot recommended a movie and it fits my personal preferences.,3,3,3,3,4,3,Yes,Red Bot recommended a movie and it fits my personal preferences.,2,3,4,4,2,3,"['Action', 'Comedy movies']",A16OH8XXYY0AAS,2,2,2,2,2
34,"['Comedy movies', 'Horror movies']",Conjuring,Johnny Depp,Christopher Nolan,No,Blue Bot didn't recommend a movie.,4,4,4,3,5,3,Yes,Cyan Bot recommended a movie and it fits my personal preferences.,4,3,4,4,4,2,No,Yellow Bot didn't recommend a movie.,3,4,4,3,4,2,Yes,Green Bot recommended a movie and it fits my personal preferences.,4,3,4,5,4,2,Yes,Red Bot recommended a movie and it fits my personal preferences.,4,3,4,5,3,2,"['Horror movies', 'Comedy movies']",A272X64FOZFYLB,4,7,5,4,3
35,"['Action movies', 'Horror movies', 'Sci-fi movies', 'Mystery movies']","The Walking Dead
Resident Evil",Brad Pit,Martin Scorsese,Yes,Blue Bot recommended a movie and it fits my personal preferences.,4,4,4,5,5,1,Yes,Cyan Bot recommended a movie and it fits my personal preferences.,4,4,5,3,4,2,Yes,Yellow Bot recommended a movie and it fits my personal preferences.,5,5,5,4,5,1,Yes,Green Bot recommended a movie but it doesn't fit my personal preferences.,2,2,2,3,1,4,Yes,Red Bot recommended a movie and it fits my personal preferences.,5,5,5,4,4,1,"['Action', 'Horror movies', 'Sci-fi movies']",A2VFEDAK5C1E1O,8,19,11,10,10
36,['Action movies'],master,vijay,ravikumar,Yes,Blue Bot recommended a movie but it doesn't fit my personal preferences.,4,4,4,2,4,4,Yes,Cyan Bot recommended a movie and it fits my personal preferences.,4,4,3,4,4,4,No,Yellow Bot didn't recommend a movie.,4,4,4,3,4,2,Yes,Green Bot recommended a movie but it doesn't fit my personal preferences.,3,3,4,4,4,4,Yes,Red Bot recommended a movie but it doesn't fit my personal preferences.,4,4,4,4,4,3,['Action'],A2V27A9GZA1NR2,3,18,5,9,8
37,"['Action movies', 'Mystery movies', 'Comedy movies', 'Horror movies', 'Documentary movies', 'Sci-fi movies']",Avatar,Chris Pratt,Ron Howard,Yes,Blue Bot recommended a movie and it fits my personal preferences.,5,4,4,3,4,2,Yes,Cyan Bot recommended a movie but it doesn't fit my personal preferences.,2,2,3,2,3,3,Yes,Yellow Bot recommended a movie and it fits my personal preferences.,2,2,2,2,3,3,Yes,Green Bot recommended a movie and it fits my personal preferences.,4,4,4,4,4,1,Yes,Red Bot recommended a movie but it doesn't fit my personal preferences.,2,3,3,3,4,3,"['Action', 'Comedy movies', 'Mystery movies', 'Documentary movies', 'Sci-fi movies', 'Horror movies']",A1PAMVTKGCXSWQ,9,12,8,17,17
38,['Sci-fi movies'],Blade Runner,Harrison Ford,Steven Spielberg ,Yes,Blue Bot recommended a movie but it doesn't fit my personal preferences.,4,3,3,2,3,2,Yes,Cyan Bot recommended a movie and it fits my personal preferences.,3,3,3,3,4,1,Yes,Yellow Bot recommended a movie but it doesn't fit my personal preferences.,3,3,2,3,4,2,Yes,Green Bot recommended a movie and it fits my personal preferences.,4,4,4,4,4,2,Yes,Red Bot recommended a movie and it fits my personal preferences.,4,5,5,5,5,1,"['Action', 'Sci-fi movies']",A36W9YOEXLJLBT,7,11,11,8,12
39,"['Comedy movies', 'Horror movies', 'Action movies']",Avengers,Johnny Depp,Joe Russo,Yes,Blue Bot recommended a movie and it fits my personal preferences.,4,3,2,4,5,2,Yes,Cyan Bot recommended a movie and it fits my personal preferences.,4,5,2,3,4,2,Yes,Yellow Bot recommended a movie and it fits my personal preferences.,3,3,2,4,4,1,No,Green Bot didn't recommend a movie.,4,5,4,3,5,2,No,Red Bot didn't recommend a movie.,4,4,4,3,4,3,['Horror movies'],A2JQI6KKCE0O9V,6,13,2,5,5
40,['Horror movies'],avengers,arnald,marvel,No,Blue Bot didn't recommend a movie.,3,3,5,5,5,2,No,Cyan Bot didn't recommend a movie.,2,3,4,4,2,3,No,Yellow Bot didn't recommend a movie.,4,5,5,5,5,1,No,Green Bot didn't recommend a movie.,5,2,5,2,5,1,No,Red Bot didn't recommend a movie.,3,1,2,3,2,2,"['Action', 'Horror movies']",A16OH8XXYY0AAS,5,2,4,7,3
41,['Action movies'],fast and furies,jacky john,woody allen,Yes,Blue Bot recommended a movie but it doesn't fit my personal preferences.,2,4,5,2,5,1,Yes,Cyan Bot recommended a movie and it fits my personal preferences.,5,5,5,4,4,1,No,Yellow Bot didn't recommend a movie.,1,1,1,1,1,1,Yes,Green Bot recommended a movie and it fits my personal preferences.,3,4,5,4,3,1,No,Red Bot recommended a movie but it doesn't fit my personal preferences.,3,4,5,2,5,1,['Action'],A3S6OLEO6D950C,4,4,4,4,4
42,['Mystery movies'],iron man,robert downey,sam,Yes,Blue Bot recommended a movie and it fits my personal preferences.,4,4,4,4,4,3,Yes,Cyan Bot recommended a movie and it fits my personal preferences.,4,5,4,5,5,1,Yes,Yellow Bot recommended a movie and it fits my personal preferences.,3,3,3,4,4,4,Yes,Green Bot recommended a movie and it fits my personal preferences.,5,5,5,5,5,1,Yes,Red Bot recommended a movie and it fits my personal preferences.,3,3,2,3,5,2,['Action'],A30Q56QAGVOHRP,4,14,2,9,5
43,['Horror movies'],Black Sheep,Tammy Davis,Jonathan King,Yes,Blue Bot recommended a movie and it fits my personal preferences.,3,3,3,4,3,3,Yes,Cyan Bot recommended a movie and it fits my personal preferences.,5,5,5,5,5,1,Yes,Yellow Bot recommended a movie and it fits my personal preferences.,5,5,5,5,5,1,Yes,Green Bot recommended a movie and it fits my personal preferences.,5,4,5,5,5,1,Yes,Red Bot recommended a movie and it fits my personal preferences.,4,3,4,4,5,3,['Horror movies'],A1WJ54G7U8B57Y,12,16,7,7,20
44,"['Action movies', 'Horror movies']",captain America,Chris Evans,joe Johnston,Yes,Blue Bot recommended a movie and it fits my personal preferences.,1,2,2,2,1,1,Yes,Cyan Bot recommended a movie and it fits my personal preferences.,4,4,4,3,4,2,Yes,Yellow Bot recommended a movie but it doesn't fit my personal preferences.,2,3,4,4,5,4,Yes,Green Bot recommended a movie and it fits my personal preferences.,4,3,3,4,4,3,Yes,Red Bot recommended a movie and it fits my personal preferences.,3,4,3,4,4,2,"['Action', 'Horror movies']",A2D2JX8R0QU9G4,1,22,22,22,22
45,"['Action movies', 'Horror movies', 'Mystery movies', 'Sci-fi movies']",The Avengers.,Keanna Reeves.,Christopher Nolan.,Yes,Blue Bot recommended a movie and it fits my personal preferences.,3,3,3,4,4,3,Yes,Cyan Bot recommended a movie and it fits my personal preferences.,3,4,4,4,5,2,Yes,Yellow Bot recommended a movie and it fits my personal preferences.,4,4,4,3,4,2,Yes,Green Bot recommended a movie and it fits my personal preferences.,3,4,3,3,4,3,Yes,Red Bot recommended a movie and it fits my personal preferences.,4,4,4,3,5,2,"['Action', 'Horror movies', 'Sci-fi movies', 'Mystery movies']",A2YCMT5BPA0AG9,11,11,11,12,17
46,"['Action movies', 'Sci-fi movies']",Fast and Furious.,Paul Walker,Rob Cohen,No,Blue Bot didn't recommend a movie.,1,1,1,1,1,1,Yes,Cyan Bot recommended a movie and it fits my personal preferences.,2,3,2,3,3,3,Yes,Yellow Bot recommended a movie and it fits my personal preferences.,2,3,2,1,1,2,Yes,Green Bot recommended a movie but it doesn't fit my personal preferences.,4,5,2,3,4,4,Yes,Red Bot recommended a movie and it fits my personal preferences.,3,4,4,4,3,3,['Comedy movies'],A2C2WXXKJOLCZ2,1,22,22,22,22
47,['Comedy movies'],Nanban,Vijay,Shankar,Yes,Blue Bot recommended a movie and it fits my personal preferences.,3,3,3,4,3,4,Yes,Cyan Bot recommended a movie and it fits my personal preferences.,4,4,4,4,4,3,Yes,Yellow Bot recommended a movie and it fits my personal preferences.,4,4,4,4,4,2,Yes,Green Bot recommended a movie but it doesn't fit my personal preferences.,2,2,2,2,3,3,Yes,Red Bot recommended a movie and it fits my personal preferences.,4,4,5,4,5,2,"['Comedy movies', 'Action']",A16ST6GDZTN4AD,1,13,16,15,22
48,['Comedy movies'],get out,James Eugene Carrey,Christopher Nolan,Yes,Blue Bot recommended a movie but it doesn't fit my personal preferences.,2,1,2,1,1,3,No,Cyan Bot recommended a movie but it doesn't fit my personal preferences.,1,1,1,1,2,1,No,Yellow Bot recommended a movie and it fits my personal preferences.,4,4,1,2,2,3,Yes,Green Bot recommended a movie and it fits my personal preferences.,1,1,2,1,1,1,Yes,Red Bot recommended a movie and it fits my personal preferences.,1,1,1,1,1,1,['Action'],A292LG3R356V5,1,22,22,22,22
49,"['Action movies', 'Mystery movies', 'Sci-fi movies']",The Matrix,Keanu Reeves,George Lucas,No,Blue Bot recommended a movie and it fits my personal preferences.,3,3,4,4,4,2,Yes,Cyan Bot recommended a movie and it fits my personal preferences.,3,4,4,4,4,2,Yes,Yellow Bot recommended a movie and it fits my personal preferences.,2,4,3,4,4,4,Yes,Green Bot recommended a movie and it fits my personal preferences.,3,4,5,4,4,3,Yes,Red Bot recommended a movie and it fits my personal preferences.,4,3,5,4,4,3,"['Action', 'Horror movies', 'Comedy movies']",A20N1NK5X5S88F,1,22,22,22,22
50,"['Comedy movies', 'Horror movies', 'Drama movies']",comedy,Mr.Bean,Avenger,Yes,Blue Bot recommended a movie and it fits my personal preferences.,1,5,1,5,5,2,Yes,Cyan Bot recommended a movie and it fits my personal preferences.,5,5,5,5,5,1,Yes,Yellow Bot recommended a movie and it fits my personal preferences.,5,5,5,5,5,1,Yes,Green Bot recommended a movie and it fits my personal preferences.,5,5,5,5,5,1,Yes,Red Bot recommended a movie and it fits my personal preferences.,5,5,5,5,5,1,['Action'],A28JMHEQZ8276G,1,22,22,22,22
51,"['Comedy movies', 'Horror movies', 'Drama movies']",The New Mutants,Tom Hanks,Steven Spielberg,Yes,Blue Bot recommended a movie but it doesn't fit my personal preferences.,4,3,4,2,3,4,Yes,Cyan Bot recommended a movie and it fits my personal preferences.,4,3,4,3,4,4,Yes,Yellow Bot recommended a movie and it fits my personal preferences.,3,4,3,4,4,3,Yes,Green Bot recommended a movie and it fits my personal preferences.,4,4,4,3,4,2,No,Red Bot recommended a movie but it doesn't fit my personal preferences.,3,4,2,4,3,4,"['Horror movies', 'Drama movies', 'Sci-fi movies']",A1BZX5G4Q9AYTQ,1,7,8,9,8
52,['Action movies'],Dunkirk,Harry Styles, Christopher Nolan,Yes,Blue Bot recommended a movie and it fits my personal preferences.,4,3,4,4,4,1,Yes,Cyan Bot recommended a movie and it fits my personal preferences.,4,3,2,2,2,2,Yes,Yellow Bot recommended a movie and it fits my personal preferences.,4,4,4,4,4,1,Yes,Green Bot recommended a movie and it fits my personal preferences.,4,3,4,3,4,1,Yes,Red Bot recommended a movie and it fits my personal preferences.,5,4,4,3,4,1,['Action'],ANBEBF6FLZFY3,2,21,22,22,23
53,['Comedy movies'],You've got mail,Tom Hanks,Quentin Taratino,No,Blue Bot didn't recommend a movie.,3,3,3,3,3,3,Yes,Cyan Bot recommended a movie and it fits my personal preferences.,5,5,5,4,4,1,Yes,Yellow Bot recommended a movie and it fits my personal preferences.,5,5,5,4,5,2,Yes,Green Bot recommended a movie and it fits my personal preferences.,5,5,5,4,4,1,Yes,Red Bot recommended a movie and it fits my personal preferences.,5,5,5,4,4,1,['Comedy movies'],A198MSVO1VTAT5,1,7,18,3,4
54,"['Comedy movies', 'Documentary movies', 'Drama movies', 'Sci-fi movies', 'Mystery movies']","Interstellar, The Curious Case of Benjamin Button","Brad Pitt, Leornado DiCaprio","Quentin Tarantino, Robert Rodriguez",No,Blue Bot didn't recommend a movie.,3,3,3,3,3,3,Yes,Cyan Bot recommended a movie but it doesn't fit my personal preferences.,1,1,1,1,1,5,Yes,Yellow Bot recommended a movie but it doesn't fit my personal preferences.,2,2,2,1,2,4,Yes,Green Bot recommended a movie but it doesn't fit my personal preferences.,4,4,3,2,3,3,Yes,Red Bot recommended a movie and it fits my personal preferences.,4,4,5,4,5,1,"['Comedy movies', 'Documentary movies', 'Drama movies', 'Sci-fi movies']",AIQM86IRETAJN,1,12,12,10,8
55,"['Drama movies', 'Comedy movies', 'Documentary movies', 'Mystery movies']",The Godfather,Al Pacino,Francis Coppola ,No,Blue Bot didn't recommend a movie.,1,1,1,1,1,1,Yes,Cyan Bot recommended a movie but it doesn't fit my personal preferences.,2,2,2,2,3,3,Yes,Yellow Bot recommended a movie and it fits my personal preferences.,3,3,4,3,4,2,Yes,Green Bot recommended a movie and it fits my personal preferences.,2,2,4,3,4,3,No,Red Bot didn't recommend a movie.,1,1,1,1,1,1,"['Mystery movies', 'Comedy movies', 'Documentary movies', 'Drama movies']",A3KF6O09H04SP7,1,13,12,22,2
56,['Horror movies'],very interesting,comedian,comedian,No,Blue Bot didn't recommend a movie.,1,1,1,1,1,1,Yes,Cyan Bot recommended a movie and it fits my personal preferences.,5,5,1,5,5,1,Yes,Yellow Bot recommended a movie and it fits my personal preferences.,5,5,2,5,5,1,Yes,Green Bot recommended a movie and it fits my personal preferences.,5,5,1,4,5,1,Yes,Red Bot recommended a movie and it fits my personal preferences.,5,5,1,5,5,1,['Mystery movies'],A1XJU3KQ7B3JWZ,1,22,22,22,22
57,"['Comedy movies', 'Documentary movies']",Casino,Robert DeNiro,Spielberg,No,Blue Bot didn't recommend a movie.,1,1,1,1,1,4,No,Cyan Bot didn't recommend a movie.,1,1,1,2,2,4,No,Yellow Bot didn't recommend a movie.,1,2,1,1,3,4,Yes,Green Bot recommended a movie and it fits my personal preferences.,4,3,4,3,5,3,No,Red Bot didn't recommend a movie.,3,3,3,2,3,4,"['Action', 'Documentary movies', 'Drama movies']",A2615YW1YERQBO,1,6,4,13,8
58,"['Action movies', 'Comedy movies', 'Drama movies']",Titanic,Dwyane Johnson,Spike Lee,No,Blue Bot recommended a movie but it doesn't fit my personal preferences.,2,4,3,2,1,2,No,Cyan Bot didn't recommend a movie.,3,3,5,4,3,3,Yes,Yellow Bot recommended a movie and it fits my personal preferences.,4,3,4,3,4,2,Yes,Green Bot recommended a movie but it doesn't fit my personal preferences.,4,5,5,5,5,1,No,Red Bot didn't recommend a movie.,2,1,2,3,4,2,"['Comedy movies', 'Action', 'Documentary movies']",AJXIC6Q5EM76P,1,3,22,22,2
59,"['Horror movies', 'Comedy movies', 'Sci-fi movies']",Titanic,Tom cruise,Christopher nolan,No,Blue Bot didn't recommend a movie.,1,1,1,1,1,1,No,Cyan Bot didn't recommend a movie.,5,5,5,4,3,1,Yes,Yellow Bot recommended a movie and it fits my personal preferences.,5,5,5,5,5,1,Yes,Green Bot recommended a movie and it fits my personal preferences.,5,5,4,5,5,1,Yes,Red Bot recommended a movie and it fits my personal preferences.,4,5,5,4,5,1,"['Comedy movies', 'Horror movies', 'Sci-fi movies']",A1I72NHC21347A,1,7,9,7,8
60,['Sci-fi movies'],Star Wars: The Empire Strikes Back,Harrison Ford,James Gunn,No,Blue Bot didn't recommend a movie.,1,1,1,1,1,1,Yes,Cyan Bot recommended a movie and it fits my personal preferences.,4,4,5,4,5,1,Yes,Yellow Bot recommended a movie but it doesn't fit my personal preferences.,1,1,1,1,1,5,Yes,Green Bot recommended a movie and it fits my personal preferences.,5,4,4,3,4,1,No,Red Bot didn't recommend a movie.,2,2,3,1,5,3,['Sci-fi movies'],A3QXFWX1PVH5MJ,1,10,11,8,16
61,['Action movies'],derminator,arnold,paul hayman,Yes,Blue Bot recommended a movie but it doesn't fit my personal preferences.,5,4,3,4,4,5,Yes,Cyan Bot recommended a movie and it fits my personal preferences.,5,4,3,5,4,4,Yes,Yellow Bot recommended a movie and it fits my personal preferences.,4,5,4,5,4,5,Yes,Green Bot recommended a movie and it fits my personal preferences.,5,4,4,3,4,5,Yes,Red Bot recommended a movie and it fits my personal preferences.,5,4,3,5,4,5,"['Action', 'Mystery movies', 'Comedy movies']",A2VO8C41JJIQY9,1,22,22,22,22
62,"['Comedy movies', 'Horror movies', 'Action movies', 'Mystery movies', 'Documentary movies', 'Drama movies', 'Sci-fi movies']",Goodfellas,Steve Buscemi,Abbas Kiarostami,No,Blue Bot didn't recommend a movie.,1,1,1,1,1,5,Yes,Cyan Bot recommended a movie but it doesn't fit my personal preferences.,5,3,3,3,3,4,Yes,Yellow Bot recommended a movie but it doesn't fit my personal preferences.,3,2,3,2,4,3,Yes,Green Bot recommended a movie and it fits my personal preferences.,4,4,4,4,4,2,Yes,Red Bot recommended a movie but it doesn't fit my personal preferences.,3,2,3,2,3,4,"['Action', 'Horror movies', 'Mystery movies', 'Drama movies', 'Documentary movies', 'Sci-fi movies', 'Comedy movies']",A2OPYRV3GLAPS1,1,7,8,6,7
63,"['Horror movies', 'Comedy movies', 'Sci-fi movies']",The Dark Knight,Jensen Ackles,David Fincher,No,Blue Bot didn't recommend a movie.,2,2,2,2,2,4,Yes,Cyan Bot recommended a movie and it fits my personal preferences.,4,3,3,4,3,2,Yes,Yellow Bot recommended a movie but it doesn't fit my personal preferences.,2,4,2,4,2,3,Yes,Green Bot recommended a movie but it doesn't fit my personal preferences.,3,4,2,4,2,3,No,Red Bot recommended a movie but it doesn't fit my personal preferences.,2,4,2,2,3,4,"['Horror movies', 'Comedy movies', 'Sci-fi movies', 'Documentary movies']",A1BZX5G4Q9AYTQ,1,7,7,8,9
64,"['Action movies', 'Horror movies', 'Mystery movies', 'Comedy movies', 'Documentary movies', 'Drama movies']",Goodfellas,Bradley Cooper,Ron Howard,No,Blue Bot didn't recommend a movie.,1,1,1,1,1,1,Yes,Cyan Bot recommended a movie and it fits my personal preferences.,3,4,5,3,3,1,Yes,Yellow Bot recommended a movie and it fits my personal preferences.,4,5,5,5,4,1,Yes,Green Bot recommended a movie and it fits my personal preferences.,3,4,5,3,4,1,Yes,Red Bot recommended a movie and it fits my personal preferences.,2,3,4,3,3,2,"['Action', 'Horror movies', 'Mystery movies', 'Comedy movies', 'Documentary movies', 'Drama movies']",A1YZ0ETOCJO1B2,1,14,12,17,12
65,"['Action movies', 'Horror movies']","conjuring, avatar, avengers.",Johnny deep,martin scorsese,No,Blue Bot didn't recommend a movie.,2,1,2,1,2,5,Yes,Cyan Bot recommended a movie and it fits my personal preferences.,4,5,4,5,4,5,Yes,Yellow Bot recommended a movie and it fits my personal preferences.,4,5,4,5,4,5,Yes,Green Bot recommended a movie and it fits my personal preferences.,4,5,4,5,4,2,Yes,Red Bot recommended a movie and it fits my personal preferences.,5,4,5,4,5,2,"['Action', 'Horror movies']",A16ODTIYV32C4Y,1,22,22,22,22
66,['Drama movies'],The pursuit of happiness,Will Smith,Gabriele Muccino,No,Blue Bot didn't recommend a movie.,1,1,1,1,1,1,Yes,Cyan Bot recommended a movie but it doesn't fit my personal preferences.,5,5,5,5,5,1,Yes,Yellow Bot recommended a movie and it fits my personal preferences.,5,5,5,5,5,1,Yes,Green Bot recommended a movie and it fits my personal preferences.,5,5,5,5,5,1,Yes,Red Bot recommended a movie and it fits my personal preferences.,5,5,5,5,5,1,"['Action', 'Mystery movies', 'Documentary movies', 'Drama movies', 'Sci-fi movies', 'Comedy movies']",A3AUCQUUA07HCV,1,13,7,8,11
67,"['Action movies', 'Mystery movies', 'Comedy movies', 'Drama movies', 'Horror movies']",End game,Robert Downey Jr.,Christopher Nolan,Yes,Blue Bot recommended a movie and it fits my personal preferences.,4,4,4,4,4,2,Yes,Cyan Bot recommended a movie and it fits my personal preferences.,4,4,4,4,4,2,Yes,Yellow Bot recommended a movie but it doesn't fit my personal preferences.,4,4,4,4,4,2,Yes,Green Bot recommended a movie and it fits my personal preferences.,5,5,5,5,5,1,Yes,Red Bot recommended a movie and it fits my personal preferences.,4,4,4,4,4,3,"['Action', 'Horror movies', 'Mystery movies', 'Comedy movies', 'Drama movies']",A2Y87M8V0N1M6P,5,10,5,4,6
68,"['Action movies', 'Comedy movies']",pirates of the caribbean,jhonny deep,Gore Verbinski,Yes,Blue Bot recommended a movie but it doesn't fit my personal preferences.,3,2,3,4,3,3,Yes,Cyan Bot recommended a movie and it fits my personal preferences.,5,4,4,4,3,4,Yes,Yellow Bot recommended a movie and it fits my personal preferences.,4,3,5,4,4,5,No,Green Bot recommended a movie but it doesn't fit my personal preferences.,3,3,4,3,3,2,No,Red Bot recommended a movie but it doesn't fit my personal preferences.,2,3,4,2,3,4,['Horror movies'],A2DN9LTO4MC9OQ,22,22,22,22,22
69,"['Action movies', 'Horror movies', 'Comedy movies', 'Drama movies', 'Sci-fi movies']",The dark night,Tom Hunks,David Fincher,Yes,Blue Bot recommended a movie but it doesn't fit my personal preferences.,3,2,4,2,3,2,Yes,Cyan Bot recommended a movie but it doesn't fit my personal preferences.,2,4,2,4,2,3,Yes,Yellow Bot recommended a movie but it doesn't fit my personal preferences.,4,2,3,2,4,2,Yes,Green Bot recommended a movie and it fits my personal preferences.,4,4,3,5,3,1,No,Red Bot didn't recommend a movie.,3,1,3,2,3,2,"['Action', 'Horror movies', 'Comedy movies', 'Drama movies']",A1BZX5G4Q9AYTQ,4,4,5,5,8
70,['Action movies'],THE DARK KNIGHT ,JOHHNY DEPP,MARTIN SCORSESE,Yes,Blue Bot recommended a movie and it fits my personal preferences.,4,4,4,4,5,1,Yes,Cyan Bot recommended a movie and it fits my personal preferences.,4,4,4,5,4,1,Yes,Yellow Bot recommended a movie and it fits my personal preferences.,4,4,4,4,5,1,Yes,Green Bot recommended a movie and it fits my personal preferences.,4,4,4,5,3,1,No,Red Bot didn't recommend a movie.,2,2,1,2,1,4,['Action'],AK66O9WD3XN29,4,19,3,3,5
71,['Horror movies'],"Grudge, Ring",Nicolas Cage,David Fincher,Yes,Blue Bot recommended a movie and it fits my personal preferences.,4,4,5,4,4,1,Yes,Cyan Bot recommended a movie and it fits my personal preferences.,5,5,5,4,3,1,No,Yellow Bot didn't recommend a movie.,2,2,1,2,2,4,Yes,Green Bot recommended a movie and it fits my personal preferences.,4,4,5,3,4,1,Yes,Red Bot recommended a movie but it doesn't fit my personal preferences.,3,2,2,2,2,5,['Horror movies'],A394JO4NEPCY3M,4,11,4,5,3
72,"['Sci-fi movies', 'Action movies', 'Comedy movies']",Star Wars,Jim Carrey,Steven Spielberg,Yes,Blue Bot recommended a movie and it fits my personal preferences.,2,3,5,5,5,1,Yes,Cyan Bot recommended a movie and it fits my personal preferences.,3,4,4,4,5,2,Yes,Yellow Bot recommended a movie but it doesn't fit my personal preferences.,3,3,3,3,5,3,Yes,Green Bot recommended a movie and it fits my personal preferences.,3,3,2,1,2,4,Yes,Red Bot recommended a movie and it fits my personal preferences.,1,1,2,2,2,3,"['Action', 'Comedy movies', 'Sci-fi movies']",A39XIQCFSCNHFU,6,9,8,7,10
73,"['Horror movies', 'Mystery movies', 'Documentary movies', 'Comedy movies', 'Drama movies']", Pulp Fiction,Leonardo Dicaprio,David Lynch,Yes,Blue Bot recommended a movie and it fits my personal preferences.,3,2,3,4,3,3,Yes,Cyan Bot recommended a movie but it doesn't fit my personal preferences.,3,2,3,2,3,3,Yes,Yellow Bot recommended a movie but it doesn't fit my personal preferences.,3,4,3,3,3,3,Yes,Green Bot recommended a movie but it doesn't fit my personal preferences.,3,3,3,3,3,3,Yes,Red Bot recommended a movie but it doesn't fit my personal preferences.,3,3,3,3,3,3,"['Horror movies', 'Mystery movies', 'Comedy movies', 'Documentary movies']",ADGREXTAORHCE,10,7,3,4,8
74,"['Action movies', 'Mystery movies', 'Documentary movies', 'Drama movies', 'Sci-fi movies']",Terminator 2,Sean Connery,Spielberg,No,Blue Bot didn't recommend a movie.,4,2,2,1,2,2,Yes,Cyan Bot recommended a movie and it fits my personal preferences.,4,4,3,3,4,3,No,Yellow Bot didn't recommend a movie.,2,3,2,1,2,4,Yes,Green Bot recommended a movie but it doesn't fit my personal preferences.,2,3,2,1,4,3,Yes,Red Bot recommended a movie but it doesn't fit my personal preferences.,3,2,3,1,4,2,"['Action', 'Mystery movies', 'Documentary movies', 'Drama movies', 'Sci-fi movies']",A2V27A9GZA1NR2,7,9,8,11,17
75,"['Action movies', 'Horror movies', 'Mystery movies', 'Comedy movies', 'Sci-fi movies', 'Drama movies', 'Documentary movies']",Dr Strangelove,Paul Giamatti,Martin Scorcese,No,Blue Bot didn't recommend a movie.,2,1,2,1,2,5,Yes,Cyan Bot recommended a movie but it doesn't fit my personal preferences.,2,2,3,2,4,3,Yes,Yellow Bot recommended a movie but it doesn't fit my personal preferences.,3,2,4,3,4,3,Yes,Green Bot recommended a movie and it fits my personal preferences.,5,4,4,4,5,2,Yes,Red Bot recommended a movie and it fits my personal preferences.,2,2,3,2,3,3,"['Action', 'Horror movies', 'Mystery movies', 'Comedy movies', 'Documentary movies', 'Drama movies', 'Sci-fi movies']",A2OPYRV3GLAPS1,3,10,9,9,9
76,"['Action movies', 'Horror movies', 'Comedy movies', 'Drama movies']",End game,Will Smith,Nolan,Yes,Blue Bot recommended a movie and it fits my personal preferences.,4,4,4,4,4,2,Yes,Cyan Bot recommended a movie and it fits my personal preferences.,4,4,4,4,4,1,Yes,Yellow Bot recommended a movie and it fits my personal preferences.,4,4,4,4,4,2,Yes,Green Bot recommended a movie but it doesn't fit my personal preferences.,3,3,3,4,4,4,No,Red Bot didn't recommend a movie.,1,1,1,1,1,5,"['Action', 'Horror movies', 'Comedy movies', 'Drama movies']",A231KDND93GAVX,5,4,4,7,8
77,"['Comedy movies', 'Action movies']","Next time you decide to watch a movie you can pick one up from the list ... Over time he finds ways to live life with relative ease in the prison, sending out ... For chance at redemption, he is offered the one last job that can give him his life back.",bradley cooper,wes anderson,Yes,Blue Bot recommended a movie and it fits my personal preferences.,3,2,4,4,3,3,Yes,Cyan Bot recommended a movie but it doesn't fit my personal preferences.,4,4,4,3,4,1,Yes,Yellow Bot recommended a movie but it doesn't fit my personal preferences.,2,3,3,4,4,3,Yes,Green Bot recommended a movie and it fits my personal preferences.,3,3,3,4,4,3,Yes,Red Bot recommended a movie and it fits my personal preferences.,4,4,5,5,4,1,"['Action', 'Mystery movies', 'Comedy movies', 'Documentary movies', 'Drama movies', 'Sci-fi movies']",ACV75G0ZN7U70,6,22,10,6,10
78,"['Comedy movies', 'Action movies']",Old School,Will Farrell,M Night Shamalan,Yes,Blue Bot recommended a movie and it fits my personal preferences.,4,5,4,5,4,2,Yes,Cyan Bot recommended a movie and it fits my personal preferences.,4,5,4,3,4,2,No,Yellow Bot didn't recommend a movie.,2,4,2,1,3,4,No,Green Bot didn't recommend a movie.,1,2,2,1,2,4,No,Red Bot didn't recommend a movie.,2,4,3,1,3,4,"['Comedy movies', 'Action']",AVXEDARJC5HLU,10,6,7,14,9
79,['Comedy movies'],game night,Jason Bateman,John Francis Daley,Yes,Blue Bot recommended a movie and it fits my personal preferences.,5,4,3,5,4,2,Yes,Cyan Bot recommended a movie and it fits my personal preferences.,5,3,3,4,4,4,Yes,Yellow Bot recommended a movie and it fits my personal preferences.,5,3,3,4,4,4,Yes,Green Bot recommended a movie and it fits my personal preferences.,5,4,4,4,4,2,Yes,Red Bot recommended a movie and it fits my personal preferences.,4,3,4,4,4,2,['Comedy movies'],A25CZJEFKXF4UV,8,11,14,15,15
80,['Action movies'],avengers,tom hanks,"martin c, scorsese",Yes,Blue Bot recommended a movie but it doesn't fit my personal preferences.,4,5,1,4,5,1,Yes,Cyan Bot recommended a movie but it doesn't fit my personal preferences.,3,4,4,1,3,3,Yes,Yellow Bot recommended a movie but it doesn't fit my personal preferences.,3,3,2,2,4,2,Yes,Green Bot recommended a movie and it fits my personal preferences.,3,4,3,3,3,2,No,Red Bot recommended a movie but it doesn't fit my personal preferences.,3,4,4,2,1,3,['Action'],A2Y87M8V0N1M6P,22,22,22,22,22
81,"['Horror movies', 'Comedy movies', 'Action movies', 'Mystery movies']","Expendables,  Happy Death Day, The Exorcist, Saw, Zodiac","Johnny Depp, Kevin Spacey, Tom Hanks,  Leonardo DiCaprio ","Steven Spielberg, Kathryn Bigelow , Tony Scott, Martin Scorsese ",Yes,Blue Bot recommended a movie and it fits my personal preferences.,5,5,3,5,5,1,Yes,Cyan Bot recommended a movie and it fits my personal preferences.,5,5,3,5,5,1,Yes,Yellow Bot recommended a movie and it fits my personal preferences.,5,5,3,5,5,1,Yes,Green Bot recommended a movie and it fits my personal preferences.,5,5,2,4,5,1,Yes,Red Bot recommended a movie and it fits my personal preferences.,5,5,5,5,5,1,"['Action', 'Horror movies', 'Mystery movies', 'Comedy movies']",A3FGT6EU39C6S4,2,2,2,2,2
82,['Comedy movies'],step brothers,keanu reeves,michael dougherty,Yes,Blue Bot recommended a movie and it fits my personal preferences.,4,4,4,4,4,2,Yes,Cyan Bot recommended a movie but it doesn't fit my personal preferences.,3,2,3,3,3,2,Yes,Yellow Bot recommended a movie but it doesn't fit my personal preferences.,3,3,3,3,3,3,Yes,Green Bot recommended a movie but it doesn't fit my personal preferences.,2,2,3,2,2,2,Yes,Red Bot recommended a movie but it doesn't fit my personal preferences.,3,3,3,4,4,2,['Comedy movies'],A1L92Y6VBTRFP5,6,13,10,5,12
83,"['Action movies', 'Horror movies', 'Comedy movies']",American Honey,Tom Hanks,Martin Scorsese,Yes,Blue Bot recommended a movie and it fits my personal preferences.,4,4,4,4,4,1,Yes,Cyan Bot recommended a movie and it fits my personal preferences.,5,5,4,4,5,1,Yes,Yellow Bot recommended a movie and it fits my personal preferences.,5,5,5,5,4,1,Yes,Green Bot recommended a movie and it fits my personal preferences.,5,5,5,5,5,1,Yes,Red Bot recommended a movie and it fits my personal preferences.,5,5,4,5,5,1,"['Action', 'Comedy movies', 'Horror movies', 'Documentary movies', 'Sci-fi movies', 'Drama movies', 'Mystery movies']",A16OH8XXYY0AAS,7,22,10,12,22
84,"['Drama movies', 'Comedy movies']","think like a man , ",taraji p.henson,will packer,Yes,Blue Bot recommended a movie and it fits my personal preferences.,4,4,4,3,4,2,Yes,Cyan Bot recommended a movie and it fits my personal preferences.,3,4,4,3,4,3,Yes,Yellow Bot recommended a movie and it fits my personal preferences.,4,4,3,3,3,4,Yes,Green Bot recommended a movie and it fits my personal preferences.,3,3,3,3,4,2,Yes,Red Bot recommended a movie but it doesn't fit my personal preferences.,2,4,3,2,4,2,"['Sci-fi movies', 'Horror movies', 'Action']",A34CPKFZXBX1PO,8,13,20,10,10
85,"['Drama movies', 'Comedy movies']","Meet Joe Black, Top Gun","Kevin Costner, Brad Pitt",Steven Spielberg,Yes,Blue Bot recommended a movie and it fits my personal preferences.,1,1,3,2,2,4,Yes,Cyan Bot recommended a movie but it doesn't fit my personal preferences.,2,2,2,2,3,4,Yes,Yellow Bot recommended a movie and it fits my personal preferences.,2,3,2,4,3,4,Yes,Green Bot recommended a movie and it fits my personal preferences.,4,4,4,3,3,3,Yes,Red Bot recommended a movie and it fits my personal preferences.,3,4,4,3,5,3,"['Drama movies', 'Comedy movies']",A3FGT6EU39C6S4,7,14,16,21,10
86,['Horror movies'],evil dead,will smith,david barrett,Yes,Blue Bot recommended a movie and it fits my personal preferences.,5,5,5,4,5,1,Yes,Cyan Bot recommended a movie but it doesn't fit my personal preferences.,2,2,2,1,2,4,Yes,Yellow Bot recommended a movie but it doesn't fit my personal preferences.,5,2,5,4,5,1,Yes,Green Bot recommended a movie but it doesn't fit my personal preferences.,2,3,5,4,3,2,Yes,Red Bot didn't recommend a movie.,4,3,4,5,4,1,['Documentary movies'],A3QSFE6GKO157S,1,22,6,4,3
87,"['Action movies', 'Horror movies', 'Sci-fi movies']",Shaft,Samuel Jackson,Steven Spielberg,Yes,Blue Bot recommended a movie and it fits my personal preferences.,1,1,1,2,2,1,Yes,Cyan Bot recommended a movie and it fits my personal preferences.,3,3,4,4,4,2,Yes,Yellow Bot recommended a movie and it fits my personal preferences.,2,2,3,3,2,3,Yes,Green Bot recommended a movie and it fits my personal preferences.,2,1,2,1,2,2,Yes,Red Bot recommended a movie and it fits my personal preferences.,5,5,5,5,5,1,"['Action', 'Comedy movies', 'Horror movies']",AZ8JL3QNIPY4U,8,11,8,13,10
88,"['Comedy movies', 'Drama movies']",Titanic,Leonardo Dicaprio,Christ Columbus,Yes,Blue Bot recommended a movie but it doesn't fit my personal preferences.,3,3,4,3,3,2,Yes,Cyan Bot recommended a movie and it fits my personal preferences.,5,4,5,5,5,1,Yes,Yellow Bot recommended a movie but it doesn't fit my personal preferences.,2,3,3,3,4,3,Yes,Green Bot recommended a movie but it doesn't fit my personal preferences.,3,2,2,3,3,3,Yes,Red Bot recommended a movie and it fits my personal preferences.,4,4,4,3,5,1,"['Drama movies', 'Comedy movies']",A3C8JI69WPTKWH,14,16,19,13,17
89,['Action movies'],DEEP BLUE SEA,ARNOLD,JAMES WILSON,Yes,Blue Bot recommended a movie but it doesn't fit my personal preferences.,4,4,4,4,4,3,Yes,Cyan Bot recommended a movie but it doesn't fit my personal preferences.,4,4,4,4,4,4,Yes,Yellow Bot recommended a movie but it doesn't fit my personal preferences.,4,4,4,4,4,3,Yes,Green Bot recommended a movie but it doesn't fit my personal preferences.,4,4,4,4,4,3,Yes,Red Bot recommended a movie but it doesn't fit my personal preferences.,4,4,4,4,4,3,['Action'],A17GHP8L89ZSD5,5,6,6,6,4
90,"['Action movies', 'Horror movies', 'Comedy movies']",Die Hard,Tom Hanks,Steven Spielberg,No,Blue Bot didn't recommend a movie.,3,3,3,3,3,3,Yes,Cyan Bot recommended a movie and it fits my personal preferences.,4,4,4,5,3,1,Yes,Yellow Bot recommended a movie but it doesn't fit my personal preferences.,2,4,5,4,5,2,Yes,Green Bot recommended a movie and it fits my personal preferences.,3,2,1,2,2,3,Yes,Red Bot recommended a movie and it fits my personal preferences.,4,4,4,4,5,2,"['Action', 'Horror movies', 'Comedy movies']",A2LV5432PV1S39,1,8,12,8,15
91,"['Action movies', 'Horror movies', 'Mystery movies', 'Comedy movies', 'Documentary movies', 'Sci-fi movies']",The Exorcist,Christian Bale,Akira Kurosawa,No,Blue Bot didn't recommend a movie.,1,1,1,1,1,1,Yes,Cyan Bot recommended a movie and it fits my personal preferences.,3,3,4,3,3,2,Yes,Yellow Bot recommended a movie and it fits my personal preferences.,3,2,3,3,3,3,Yes,Green Bot recommended a movie and it fits my personal preferences.,3,3,3,3,3,2,No,Red Bot didn't recommend a movie.,2,2,3,3,3,3,"['Action', 'Horror movies', 'Mystery movies', 'Comedy movies', 'Documentary movies', 'Sci-fi movies']",A33DJF06UZXG3Y,1,16,11,14,18
92,"['Action movies', 'Mystery movies', 'Comedy movies', 'Sci-fi movies', 'Drama movies']",the machinist,brad pitt,steven spielberg,No,Blue Bot didn't recommend a movie.,1,1,1,1,1,5,Yes,Cyan Bot recommended a movie and it fits my personal preferences.,5,5,5,5,5,1,Yes,Yellow Bot recommended a movie but it doesn't fit my personal preferences.,1,1,2,2,4,3,Yes,Green Bot recommended a movie and it fits my personal preferences.,5,5,5,5,5,1,Yes,Red Bot recommended a movie but it doesn't fit my personal preferences.,1,2,2,1,3,4,"['Action', 'Comedy movies', 'Mystery movies', 'Sci-fi movies', 'Drama movies']",A8C3WNWRBWUXO,1,22,20,8,15
93,['Comedy movies'],Sleepless in Seattle,Robin Williams,Ron Howard,No,Blue Bot didn't recommend a movie.,3,3,3,3,3,3,Yes,Cyan Bot recommended a movie and it fits my personal preferences.,5,5,5,5,5,1,Yes,Yellow Bot recommended a movie and it fits my personal preferences.,2,2,2,1,2,3,Yes,Green Bot recommended a movie and it fits my personal preferences.,5,5,5,3,4,4,Yes,Red Bot recommended a movie and it fits my personal preferences.,5,5,5,5,5,1,['Comedy movies'],A1ROEDVMTO9Y3X,1,7,13,6,9
94,"['Action movies', 'Horror movies', 'Mystery movies', 'Comedy movies', 'Documentary movies', 'Drama movies', 'Sci-fi movies']","Armaggedeon, Die Hard, The Matrix.",Bruce Willis,Steve Spielberg,No,Blue Bot didn't recommend a movie.,1,1,1,1,1,1,Yes,Cyan Bot recommended a movie and it fits my personal preferences.,4,4,4,3,5,1,Yes,Yellow Bot recommended a movie and it fits my personal preferences.,4,3,3,3,3,2,Yes,Green Bot recommended a movie and it fits my personal preferences.,2,2,2,2,3,3,Yes,Red Bot recommended a movie and it fits my personal preferences.,2,2,2,2,3,3,"['Action', 'Horror movies', 'Mystery movies', 'Comedy movies', 'Documentary movies', 'Drama movies', 'Sci-fi movies']",A3NN2AK1DFDNDU,1,8,5,12,10
95,"['Sci-fi movies', 'Documentary movies']",Star trek first contact,Patrick Stewart,J.J. Abrams,No,Blue Bot didn't recommend a movie.,1,1,1,1,1,5,Yes,Cyan Bot recommended a movie and it fits my personal preferences.,3,4,5,4,4,1,Yes,Yellow Bot recommended a movie but it doesn't fit my personal preferences.,2,3,3,2,5,3,Yes,Green Bot recommended a movie but it doesn't fit my personal preferences.,2,1,2,1,3,4,Yes,Red Bot recommended a movie and it fits my personal preferences.,2,3,3,2,4,2,"['Sci-fi movies', 'Documentary movies']",ASVRLMDNQBUD9,1,21,10,8,13
96,['Documentary movies'],i really like,good,nothing,No,Blue Bot didn't recommend a movie.,1,1,1,1,1,1,Yes,Cyan Bot recommended a movie and it fits my personal preferences.,3,5,5,4,5,1,Yes,Yellow Bot recommended a movie but it doesn't fit my personal preferences.,3,4,3,2,4,2,Yes,Green Bot recommended a movie but it doesn't fit my personal preferences.,2,2,3,1,4,3,Yes,Red Bot recommended a movie and it fits my personal preferences.,4,5,4,4,4,3,"['Horror movies', 'Mystery movies', 'Action', 'Comedy movies', 'Sci-fi movies', 'Documentary movies', 'Drama movies']",A2QZU6VOIL30J3,1,11,10,6,14
97,"['Action movies', 'Comedy movies', 'Documentary movies', 'Drama movies']",Love & Basketball,Loretta Devine ,John Singleton ,No,Blue Bot didn't recommend a movie.,1,1,1,1,1,1,Yes,Cyan Bot recommended a movie and it fits my personal preferences.,4,4,3,3,3,2,Yes,Yellow Bot recommended a movie and it fits my personal preferences.,4,4,4,3,4,1,Yes,Green Bot recommended a movie and it fits my personal preferences.,4,4,5,3,5,1,Yes,Red Bot recommended a movie but it doesn't fit my personal preferences.,2,3,2,1,4,2,"['Comedy movies', 'Drama movies', 'Action']",A10249252O9I20MRSOBVF,1,5,7,7,11
98,"['Action movies', 'Horror movies', 'Mystery movies', 'Comedy movies', 'Documentary movies', 'Drama movies', 'Sci-fi movies']",ironman,Sarah Michelle Gellar  Lisa Kudrow Eliza Dushku,"Antoine Fuqua, Sofia Coppola, Paul Feig, Denis Villeneuve, Brett",Yes,Blue Bot recommended a movie but it doesn't fit my personal preferences.,3,4,2,3,3,3,Yes,Cyan Bot recommended a movie but it doesn't fit my personal preferences.,3,3,3,3,3,4,Yes,Yellow Bot recommended a movie but it doesn't fit my personal preferences.,1,2,3,3,3,3,Yes,Green Bot recommended a movie but it doesn't fit my personal preferences.,1,3,4,5,3,3,Yes,Red Bot recommended a movie but it doesn't fit my personal preferences.,3,2,3,4,3,3,"['Action', 'Horror movies', 'Mystery movies', 'Comedy movies', 'Documentary movies', 'Drama movies', 'Sci-fi movies']",A2XM0NXWJSURRX,1,2,22,22,22
99,"['Mystery movies', 'Sci-fi movies', 'Action movies']",For a Few Dollars More,Lee Van Cleef,Spielberg,No,Blue Bot didn't recommend a movie.,1,2,1,1,1,1,Yes,Cyan Bot recommended a movie and it fits my personal preferences.,5,5,5,5,5,1,Yes,Yellow Bot recommended a movie and it fits my personal preferences.,5,5,5,5,5,1,Yes,Green Bot recommended a movie but it doesn't fit my personal preferences.,5,5,5,5,5,1,Yes,Red Bot recommended a movie and it fits my personal preferences.,1,5,4,5,5,5,"['Action', 'Mystery movies', 'Comedy movies', 'Drama movies']",A3QXFWX1PVH5MJ,1,10,12,7,13
100,"['Action movies', 'Horror movies', 'Drama movies']",Pirates of the caribbean.,Johnny depp.,Gore verbinski,No,Blue Bot didn't recommend a movie.,4,4,3,5,4,3,Yes,Cyan Bot recommended a movie and it fits my personal preferences.,4,3,4,5,4,5,Yes,Yellow Bot recommended a movie and it fits my personal preferences.,4,4,5,4,5,4,Yes,Green Bot recommended a movie and it fits my personal preferences.,5,2,2,2,4,3,No,Red Bot didn't recommend a movie.,5,5,5,5,4,4,['Action'],AMELYCC59JKB0,1,3,22,22,22
101,"['Action movies', 'Comedy movies']","Little Women
",Scarlett Johansson,Jordan Peele,No,Blue Bot didn't recommend a movie.,1,1,1,1,1,1,Yes,Cyan Bot recommended a movie and it fits my personal preferences.,5,5,5,5,5,1,Yes,Yellow Bot recommended a movie but it doesn't fit my personal preferences.,5,5,5,1,3,3,Yes,Green Bot recommended a movie but it doesn't fit my personal preferences.,1,3,3,1,3,3,Yes,Red Bot recommended a movie and it fits my personal preferences.,3,3,3,4,4,1,"['Action', 'Mystery movies', 'Documentary movies', 'Drama movies', 'Sci-fi movies']",A2615YW1YERQBO,1,22,7,14,17
102,"['Action movies', 'Comedy movies', 'Drama movies', 'Sci-fi movies']",batman begins,denzel washington,chris nolan,Yes,Blue Bot recommended a movie and it fits my personal preferences.,4,4,5,4,4,1,Yes,Cyan Bot recommended a movie and it fits my personal preferences.,3,2,2,3,2,4,Yes,Yellow Bot recommended a movie and it fits my personal preferences.,4,4,4,3,4,2,Yes,Green Bot recommended a movie and it fits my personal preferences.,2,3,3,2,2,3,Yes,Red Bot recommended a movie and it fits my personal preferences.,1,2,1,1,2,3,"['Horror movies', 'Mystery movies', 'Comedy movies', 'Documentary movies', 'Sci-fi movies']",A2UO3QJZNC2VOE,1,8,9,5,22
103,"['Action movies', 'Drama movies', 'Documentary movies']",thor,tom,john,No,Blue Bot recommended a movie but it doesn't fit my personal preferences.,5,5,4,4,5,5,Yes,Cyan Bot recommended a movie and it fits my personal preferences.,5,4,4,4,5,5,Yes,Yellow Bot recommended a movie and it fits my personal preferences.,5,5,4,4,5,4,Yes,Green Bot recommended a movie and it fits my personal preferences.,5,4,4,4,5,4,No,Red Bot recommended a movie and it fits my personal preferences.,5,5,4,5,3,5,"['Horror movies', 'Mystery movies', 'Comedy movies']",A1PAMVTKGCXSWQ,1,22,22,3,22
104,"['Comedy movies', 'Action movies', 'Horror movies', 'Drama movies', 'Sci-fi movies']",The Green Mile,Will Ferell,Quentin Tarantino,No,Blue Bot didn't recommend a movie.,1,1,1,1,1,1,Yes,Cyan Bot recommended a movie and it fits my personal preferences.,4,4,4,4,4,1,Yes,Yellow Bot recommended a movie and it fits my personal preferences.,5,5,5,5,5,1,Yes,Green Bot recommended a movie but it doesn't fit my personal preferences.,5,5,5,5,5,1,Yes,Red Bot recommended a movie but it doesn't fit my personal preferences.,2,3,2,2,2,2,"['Action', 'Horror movies', 'Comedy movies', 'Drama movies', 'Sci-fi movies']",ARYL3C6N9SVV1,1,9,8,11,13
105,"['Comedy movies', 'Action movies', 'Sci-fi movies']",Akira,Christian Bale,Christopher Nolan,Yes,Blue Bot recommended a movie and it fits my personal preferences.,4,4,4,5,3,1,Yes,Cyan Bot recommended a movie and it fits my personal preferences.,4,3,4,3,4,3,No,Yellow Bot didn't recommend a movie.,2,2,1,1,2,4,Yes,Green Bot recommended a movie but it doesn't fit my personal preferences.,5,4,4,2,2,3,No,Red Bot didn't recommend a movie.,2,2,3,2,4,3,['Action'],A2NO3OTBZYY43Z,5,13,4,6,22
106,"['Sci-fi movies', 'Drama movies']","Eternal Sunshine of the Spotless mind
Prestige
Sunshine
Trainspotting
Dr. Strangelove","Christian Bale
Ewan McGregor","Michel Gondry
Danny Boyle",Yes,Blue Bot recommended a movie and it fits my personal preferences.,2,3,3,4,3,1,Yes,Cyan Bot recommended a movie and it fits my personal preferences.,3,3,4,3,3,1,Yes,Yellow Bot recommended a movie and it fits my personal preferences.,2,2,2,2,2,3,Yes,Green Bot recommended a movie and it fits my personal preferences.,2,2,2,3,2,1,Yes,Red Bot recommended a movie and it fits my personal preferences.,2,2,3,3,3,2,"['Drama movies', 'Sci-fi movies']",A8C3WNWRBWUXO,7,9,13,9,11
107,"['Action movies', 'Horror movies', 'Comedy movies', 'Sci-fi movies']",Cabin in the Woods,Sandra Bullock,Quentin Tarantino,Yes,Blue Bot recommended a movie but it doesn't fit my personal preferences.,1,1,1,1,1,1,Yes,Cyan Bot recommended a movie and it fits my personal preferences.,1,1,1,1,1,5,Yes,Yellow Bot recommended a movie but it doesn't fit my personal preferences.,2,1,1,1,2,1,Yes,Green Bot recommended a movie and it fits my personal preferences.,4,4,4,4,4,3,Yes,Red Bot recommended a movie and it fits my personal preferences.,1,1,1,1,1,1,"['Horror movies', 'Sci-fi movies', 'Action', 'Comedy movies']",A1V2H0UF94ATWY,9,20,21,4,11
108,"['Action movies', 'Comedy movies', 'Documentary movies', 'Drama movies']",Goodfellas,DeNiro,Spielberg,Yes,Blue Bot recommended a movie and it fits my personal preferences.,5,4,4,5,4,1,No,Cyan Bot didn't recommend a movie.,1,1,1,1,1,3,Yes,Yellow Bot recommended a movie and it fits my personal preferences.,5,2,3,4,3,3,Yes,Green Bot recommended a movie but it doesn't fit my personal preferences.,5,3,3,3,3,3,Yes,Red Bot recommended a movie but it doesn't fit my personal preferences.,2,2,4,4,5,2,"['Comedy movies', 'Documentary movies', 'Action', 'Drama movies']",A2615YW1YERQBO,6,3,7,6,12
109,"['Action movies', 'Documentary movies', 'Drama movies', 'Sci-fi movies', 'Mystery movies']",Interstellar,Matt Damon,Christopher Nolan,Yes,Blue Bot recommended a movie and it fits my personal preferences.,4,5,4,5,4,1,Yes,Cyan Bot recommended a movie and it fits my personal preferences.,5,5,5,4,5,1,Yes,Yellow Bot recommended a movie and it fits my personal preferences.,5,4,4,3,4,1,Yes,Green Bot recommended a movie and it fits my personal preferences.,5,5,4,5,5,1,Yes,Red Bot recommended a movie and it fits my personal preferences.,4,4,3,3,5,2,"['Action', 'Mystery movies', 'Documentary movies', 'Drama movies', 'Sci-fi movies']",A272X64FOZFYLB,8,15,16,11,8
110,['Action movies'],Kingsman,Rachel McAdams,John Krasinski,Yes,Blue Bot recommended a movie but it doesn't fit my personal preferences.,3,4,4,3,3,1,Yes,Cyan Bot recommended a movie but it doesn't fit my personal preferences.,4,3,4,2,4,2,Yes,Yellow Bot recommended a movie and it fits my personal preferences.,4,4,4,3,4,1,Yes,Green Bot recommended a movie and it fits my personal preferences.,4,3,4,3,3,1,Yes,Red Bot recommended a movie and it fits my personal preferences.,2,1,2,3,4,1,"['Action', 'Mystery movies']",A263Y9ZPYSSTB9,6,10,7,6,10
